INSERT INTO Producto (id, producto, marca_id, categoria_id) VALUES (7790920008707, "PICADILLO DE CARNE", 1, 1);
INSERT INTO Control_Stock (producto_id, cantidad, fecha) VALUES (7790920008707, 18, "2024-02-02T21:49:01.814Z");
INSERT INTO Control_Precio (producto_id, precio, fecha) VALUES (7790920008707, 320, "2024-02-02T21:49:01.814Z");
INSERT INTO Producto (id, producto, marca_id, categoria_id) VALUES (7794000006478, "MOSTAZA 250G", 2, 1);
INSERT INTO Control_Stock (producto_id, cantidad, fecha) VALUES (7794000006478, 8, "2024-02-02T21:49:01.814Z");
INSERT INTO Control_Precio (producto_id, precio, fecha) VALUES (7794000006478, 750, "2024-02-02T21:49:01.814Z");
INSERT INTO Producto (id, producto, marca_id, categoria_id) VALUES (7790250097396, "TOALLITA FEMENINA X8", 3, 2);
INSERT INTO Control_Stock (producto_id, cantidad, fecha) VALUES (7790250097396, 5, "2024-02-02T21:49:01.814Z");
INSERT INTO Control_Precio (producto_id, precio, fecha) VALUES (7790250097396, 950, "2024-02-02T21:49:01.814Z");
INSERT INTO Producto (id, producto, marca_id, categoria_id) VALUES (7795422000082, "ALCOHOL ETILICO", 4, 2);
INSERT INTO Control_Stock (producto_id, cantidad, fecha) VALUES (7795422000082, 10, "2024-02-02T21:49:01.814Z");
INSERT INTO Control_Precio (producto_id, precio, fecha) VALUES (7795422000082, 850, "2024-02-02T21:49:01.814Z");
INSERT INTO Producto (id, producto, marca_id, categoria_id) VALUES (7798058690108, "DULCE DE LECHE 400G", 5, 1);
INSERT INTO Control_Stock (producto_id, cantidad, fecha) VALUES (7798058690108, 2, "2024-02-02T21:49:01.814Z");
INSERT INTO Control_Precio (producto_id, precio, fecha) VALUES (7798058690108, 1330, "2024-02-02T21:49:01.814Z");
INSERT INTO Producto (id, producto, marca_id, categoria_id) VALUES (7790070336453, "FIDEOS FUSILLI 500G", 6, 1);
INSERT INTO Control_Stock (producto_id, cantidad, fecha) VALUES (7790070336453, 3, "2024-02-02T21:49:01.814Z");
INSERT INTO Control_Precio (producto_id, precio, fecha) VALUES (7790070336453, 980, "2024-02-02T21:49:01.814Z");
INSERT INTO Producto (id, producto, marca_id, categoria_id) VALUES (7792750000357, "CABALLA NATURAL", 7, 1);
INSERT INTO Control_Stock (producto_id, cantidad, fecha) VALUES (7792750000357, 1, "2024-02-02T21:49:01.814Z");
INSERT INTO Control_Precio (producto_id, precio, fecha) VALUES (7792750000357, 2200, "2024-02-02T21:49:01.814Z");
INSERT INTO Producto (id, producto, marca_id, categoria_id) VALUES (7790040136243, "CEREALES DE SALVADO X3", 8, 3);
INSERT INTO Control_Stock (producto_id, cantidad, fecha) VALUES (7790040136243, 4, "2024-02-02T21:49:01.814Z");
INSERT INTO Control_Precio (producto_id, precio, fecha) VALUES (7790040136243, 1950, "2024-02-02T21:49:01.814Z");
INSERT INTO Producto (id, producto, marca_id, categoria_id) VALUES (7790150211908, "TE 25U", 9, 1);
INSERT INTO Control_Stock (producto_id, cantidad, fecha) VALUES (7790150211908, 7, "2024-02-02T21:49:01.814Z");
INSERT INTO Control_Precio (producto_id, precio, fecha) VALUES (7790150211908, 460, "2024-02-02T21:49:01.814Z");
INSERT INTO Producto (id, producto, marca_id, categoria_id) VALUES (7793046004141, "DULCE DE MEMBRILO", 10, 1);
INSERT INTO Control_Stock (producto_id, cantidad, fecha) VALUES (7793046004141, 3, "2024-02-02T21:49:01.815Z");
INSERT INTO Control_Precio (producto_id, precio, fecha) VALUES (7793046004141, 1050, "2024-02-02T21:49:01.815Z");
INSERT INTO Producto (id, producto, marca_id, categoria_id) VALUES (7798048730395, "SURTIDAS", 11, 3);
INSERT INTO Control_Stock (producto_id, cantidad, fecha) VALUES (7798048730395, 2, "2024-02-02T21:49:01.815Z");
INSERT INTO Control_Precio (producto_id, precio, fecha) VALUES (7798048730395, 690, "2024-02-02T21:49:01.815Z");
INSERT INTO Producto (id, producto, marca_id, categoria_id) VALUES (7793046015024, "TOMATE TRITURADO 960G", 10, 1);
INSERT INTO Control_Stock (producto_id, cantidad, fecha) VALUES (7793046015024, 4, "2024-02-02T21:49:01.815Z");
INSERT INTO Control_Precio (producto_id, precio, fecha) VALUES (7793046015024, 1200, "2024-02-02T21:49:01.815Z");
INSERT INTO Producto (id, producto, marca_id, categoria_id) VALUES (7790070336538, "FIDEOS MOSTACHOL MIX VEGETALES 500G", 6, 1);
INSERT INTO Control_Stock (producto_id, cantidad, fecha) VALUES (7790070336538, 3, "2024-02-02T21:49:01.815Z");
INSERT INTO Control_Precio (producto_id, precio, fecha) VALUES (7790070336538, 1200, "2024-02-02T21:49:01.815Z");
INSERT INTO Producto (id, producto, marca_id, categoria_id) VALUES (7790953000143, "SALVADO", 12, 3);
INSERT INTO Control_Stock (producto_id, cantidad, fecha) VALUES (7790953000143, 2, "2024-02-02T21:49:01.815Z");
INSERT INTO Control_Precio (producto_id, precio, fecha) VALUES (7790953000143, 980, "2024-02-02T21:49:01.815Z");
INSERT INTO Producto (id, producto, marca_id, categoria_id) VALUES (7790314004346, "VINO TINTO CAJA", 13, 4);
INSERT INTO Control_Stock (producto_id, cantidad, fecha) VALUES (7790314004346, 8, "2024-02-02T21:49:01.815Z");
INSERT INTO Control_Precio (producto_id, precio, fecha) VALUES (7790314004346, 0, "2024-02-02T21:49:01.815Z");
INSERT INTO Producto (id, producto, marca_id, categoria_id) VALUES (7798156760642, "POROTO ALBIA 340G", 14, 1);
INSERT INTO Control_Stock (producto_id, cantidad, fecha) VALUES (7798156760642, 4, "2024-02-02T21:49:01.815Z");
INSERT INTO Control_Precio (producto_id, precio, fecha) VALUES (7798156760642, 1200, "2024-02-02T21:49:01.815Z");
INSERT INTO Producto (id, producto, marca_id, categoria_id) VALUES (7798156760062, "PURE DE TOMATE 520G", 14, 1);
INSERT INTO Control_Stock (producto_id, cantidad, fecha) VALUES (7798156760062, 8, "2024-02-02T21:49:01.815Z");
INSERT INTO Control_Precio (producto_id, precio, fecha) VALUES (7798156760062, 490, "2024-02-02T21:49:01.815Z");
INSERT INTO Producto (id, producto, marca_id, categoria_id) VALUES (7793123160036, "OBLITA", 15, 3);
INSERT INTO Control_Stock (producto_id, cantidad, fecha) VALUES (7793123160036, 5, "2024-02-02T21:49:01.815Z");
INSERT INTO Control_Precio (producto_id, precio, fecha) VALUES (7793123160036, 350, "2024-02-02T21:49:01.815Z");
INSERT INTO Producto (id, producto, marca_id, categoria_id) VALUES (7622201735296, "OREO 118G", 16, 3);
INSERT INTO Control_Stock (producto_id, cantidad, fecha) VALUES (7622201735296, 7, "2024-02-02T21:49:01.815Z");
INSERT INTO Control_Precio (producto_id, precio, fecha) VALUES (7622201735296, 990, "2024-02-02T21:49:01.815Z");
INSERT INTO Producto (id, producto, marca_id, categoria_id) VALUES (7790036006277, "DULCE DAMASCO 454G", 17, 1);
INSERT INTO Control_Stock (producto_id, cantidad, fecha) VALUES (7790036006277, 1, "2024-02-02T21:49:01.815Z");
INSERT INTO Control_Precio (producto_id, precio, fecha) VALUES (7790036006277, 1330, "2024-02-02T21:49:01.815Z");
INSERT INTO Producto (id, producto, marca_id, categoria_id) VALUES (7798142740030, "VINAGRE DE VINO 960ML", 18, 1);
INSERT INTO Control_Stock (producto_id, cantidad, fecha) VALUES (7798142740030, 7, "2024-02-02T21:49:01.815Z");
INSERT INTO Control_Precio (producto_id, precio, fecha) VALUES (7798142740030, 1200, "2024-02-02T21:49:01.815Z");
INSERT INTO Producto (id, producto, marca_id, categoria_id) VALUES (7790070336460, "FIDEOS SPAGHETTI 500G", 6, 1);
INSERT INTO Control_Stock (producto_id, cantidad, fecha) VALUES (7790070336460, 11, "2024-02-02T21:49:01.815Z");
INSERT INTO Control_Precio (producto_id, precio, fecha) VALUES (7790070336460, 1300, "2024-02-02T21:49:01.815Z");
INSERT INTO Producto (id, producto, marca_id, categoria_id) VALUES (7798096031055, "ARVEJAS 340G", 19, 1);
INSERT INTO Control_Stock (producto_id, cantidad, fecha) VALUES (7798096031055, 14, "2024-02-02T21:49:01.815Z");
INSERT INTO Control_Precio (producto_id, precio, fecha) VALUES (7798096031055, 520, "2024-02-02T21:49:01.815Z");
INSERT INTO Producto (id, producto, marca_id, categoria_id) VALUES (7793123160753, "OBLITA", 20, 3);
INSERT INTO Control_Stock (producto_id, cantidad, fecha) VALUES (7793123160753, 8, "2024-02-02T21:49:01.815Z");
INSERT INTO Control_Precio (producto_id, precio, fecha) VALUES (7793123160753, 350, "2024-02-02T21:49:01.815Z");
INSERT INTO Producto (id, producto, marca_id, categoria_id) VALUES (7794940000833, "ELDUCORANTE 200ML", 21, 1);
INSERT INTO Control_Stock (producto_id, cantidad, fecha) VALUES (7794940000833, 5, "2024-02-02T21:49:01.815Z");
INSERT INTO Control_Precio (producto_id, precio, fecha) VALUES (7794940000833, 1850, "2024-02-02T21:49:01.815Z");
INSERT INTO Producto (id, producto, marca_id, categoria_id) VALUES (7792350004533, "CHOCLO BLANCO CREMOSO 350G", 22, 1);
INSERT INTO Control_Stock (producto_id, cantidad, fecha) VALUES (7792350004533, 10, "2024-02-02T21:49:01.815Z");
INSERT INTO Control_Precio (producto_id, precio, fecha) VALUES (7792350004533, 1200, "2024-02-02T21:49:01.815Z");
INSERT INTO Producto (id, producto, marca_id, categoria_id) VALUES (7798031155679, "FIDEOS MOSTACHOLL 500G", 23, 1);
INSERT INTO Control_Stock (producto_id, cantidad, fecha) VALUES (7798031155679, 3, "2024-02-02T21:49:01.815Z");
INSERT INTO Control_Precio (producto_id, precio, fecha) VALUES (7798031155679, 820, "2024-02-02T21:49:01.815Z");
INSERT INTO Producto (id, producto, marca_id, categoria_id) VALUES (7794000006737, "CALDO DE GALLINA 12U", 23, 1);
INSERT INTO Control_Stock (producto_id, cantidad, fecha) VALUES (7794000006737, 6, "2024-02-02T21:49:01.815Z");
INSERT INTO Control_Precio (producto_id, precio, fecha) VALUES (7794000006737, 1100, "2024-02-02T21:49:01.815Z");
INSERT INTO Producto (id, producto, marca_id, categoria_id) VALUES (7790940003034, "ALGODON", 24, 2);
INSERT INTO Control_Stock (producto_id, cantidad, fecha) VALUES (7790940003034, 13, "2024-02-02T21:49:01.815Z");
INSERT INTO Control_Precio (producto_id, precio, fecha) VALUES (7790940003034, 890, "2024-02-02T21:49:01.815Z");
INSERT INTO Producto (id, producto, marca_id, categoria_id) VALUES (7793046008071, "DULCE DE CIRUELA 500G", 10, 1);
INSERT INTO Control_Stock (producto_id, cantidad, fecha) VALUES (7793046008071, 1, "2024-02-02T21:49:01.815Z");
INSERT INTO Control_Precio (producto_id, precio, fecha) VALUES (7793046008071, 1200, "2024-02-02T21:49:01.815Z");
INSERT INTO Producto (id, producto, marca_id, categoria_id) VALUES (7790628102714, "FAUNA SURTIDAS", 25, 3);
INSERT INTO Control_Stock (producto_id, cantidad, fecha) VALUES (7790628102714, 1, "2024-02-02T21:49:01.815Z");
INSERT INTO Control_Precio (producto_id, precio, fecha) VALUES (7790628102714, 690, "2024-02-02T21:49:01.815Z");
INSERT INTO Producto (id, producto, marca_id, categoria_id) VALUES (7790040139268, "RUMBA", 8, 3);
INSERT INTO Control_Stock (producto_id, cantidad, fecha) VALUES (7790040139268, 6, "2024-02-02T21:49:01.815Z");
INSERT INTO Control_Precio (producto_id, precio, fecha) VALUES (7790040139268, 780, "2024-02-02T21:49:01.815Z");
INSERT INTO Producto (id, producto, marca_id, categoria_id) VALUES (7790314004353, "VINO BLANCO CAJA", 13, 4);
INSERT INTO Control_Stock (producto_id, cantidad, fecha) VALUES (7790314004353, 6, "2024-02-02T21:49:01.815Z");
INSERT INTO Control_Precio (producto_id, precio, fecha) VALUES (7790314004353, 0, "2024-02-02T21:49:01.815Z");
INSERT INTO Producto (id, producto, marca_id, categoria_id) VALUES (7790314057083, "VINO BLANCO CAJA", 26, 4);
INSERT INTO Control_Stock (producto_id, cantidad, fecha) VALUES (7790314057083, 1, "2024-02-02T21:49:01.815Z");
INSERT INTO Control_Precio (producto_id, precio, fecha) VALUES (7790314057083, 0, "2024-02-02T21:49:01.815Z");
INSERT INTO Producto (id, producto, marca_id, categoria_id) VALUES (7790717152002, "NOVECENTO", 27, 4);
INSERT INTO Control_Stock (producto_id, cantidad, fecha) VALUES (7790717152002, 1, "2024-02-02T21:49:01.815Z");
INSERT INTO Control_Precio (producto_id, precio, fecha) VALUES (7790717152002, 2100, "2024-02-02T21:49:01.815Z");
INSERT INTO Producto (id, producto, marca_id, categoria_id) VALUES (7792750000340, "CABALLA EN ACEITE", 7, 1);
INSERT INTO Control_Stock (producto_id, cantidad, fecha) VALUES (7792750000340, 9, "2024-02-02T21:49:01.815Z");
INSERT INTO Control_Precio (producto_id, precio, fecha) VALUES (7792750000340, 2200, "2024-02-02T21:49:01.815Z");
INSERT INTO Producto (id, producto, marca_id, categoria_id) VALUES (7798156760024, "ARVEJAS 340G", 14, 1);
INSERT INTO Control_Stock (producto_id, cantidad, fecha) VALUES (7798156760024, 3, "2024-02-02T21:49:01.815Z");
INSERT INTO Control_Precio (producto_id, precio, fecha) VALUES (7798156760024, 620, "2024-02-02T21:49:01.815Z");
INSERT INTO Producto (id, producto, marca_id, categoria_id) VALUES (7793046008033, "DULCE DE NARANJA 500G", 10, 1);
INSERT INTO Control_Stock (producto_id, cantidad, fecha) VALUES (7793046008033, 5, "2024-02-02T21:49:01.815Z");
INSERT INTO Control_Precio (producto_id, precio, fecha) VALUES (7793046008033, 1200, "2024-02-02T21:49:01.815Z");
INSERT INTO Producto (id, producto, marca_id, categoria_id) VALUES (7622201735906, "PEPITOS", 28, 3);
INSERT INTO Control_Stock (producto_id, cantidad, fecha) VALUES (7622201735906, 9, "2024-02-02T21:49:01.815Z");
INSERT INTO Control_Precio (producto_id, precio, fecha) VALUES (7622201735906, 850, "2024-02-02T21:49:01.815Z");
INSERT INTO Producto (id, producto, marca_id, categoria_id) VALUES (7798022225459, "PAPEL HIGIENICO", 29, 2);
INSERT INTO Control_Stock (producto_id, cantidad, fecha) VALUES (7798022225459, 2, "2024-02-02T21:49:01.815Z");
INSERT INTO Control_Precio (producto_id, precio, fecha) VALUES (7798022225459, 1900, "2024-02-02T21:49:01.815Z");
INSERT INTO Producto (id, producto, marca_id, categoria_id) VALUES (7790770602070, "TOALLITA FEMENINA X8", 30, 2);
INSERT INTO Control_Stock (producto_id, cantidad, fecha) VALUES (7790770602070, 8, "2024-02-02T21:49:01.815Z");
INSERT INTO Control_Precio (producto_id, precio, fecha) VALUES (7790770602070, 750, "2024-02-02T21:49:01.815Z");
INSERT INTO Producto (id, producto, marca_id, categoria_id) VALUES (7798137250049, "MIEL 250G", 31, 1);
INSERT INTO Control_Stock (producto_id, cantidad, fecha) VALUES (7798137250049, 4, "2024-02-02T21:49:01.815Z");
INSERT INTO Control_Precio (producto_id, precio, fecha) VALUES (7798137250049, 1330, "2024-02-02T21:49:01.815Z");
INSERT INTO Producto (id, producto, marca_id, categoria_id) VALUES (7730908401526, "JUGO EN POLVO 15G", 32, 1);
INSERT INTO Control_Stock (producto_id, cantidad, fecha) VALUES (7730908401526, 24, "2024-02-02T21:49:01.815Z");
INSERT INTO Control_Precio (producto_id, precio, fecha) VALUES (7730908401526, 450, "2024-02-02T21:49:01.815Z");
INSERT INTO Producto (id, producto, marca_id, categoria_id) VALUES (7790070508805, "MATE COCIDO 25U", 33, 1);
INSERT INTO Control_Stock (producto_id, cantidad, fecha) VALUES (7790070508805, 7, "2024-02-02T21:49:01.815Z");
INSERT INTO Control_Precio (producto_id, precio, fecha) VALUES (7790070508805, 520, "2024-02-02T21:49:01.815Z");
INSERT INTO Producto (id, producto, marca_id, categoria_id) VALUES (7791843008294, "VINO TINTO VIÑAR DEL BALBO", 34, 4);
INSERT INTO Control_Stock (producto_id, cantidad, fecha) VALUES (7791843008294, 3, "2024-02-02T21:49:01.815Z");
INSERT INTO Control_Precio (producto_id, precio, fecha) VALUES (7791843008294, 2100, "2024-02-02T21:49:01.815Z");
INSERT INTO Producto (id, producto, marca_id, categoria_id) VALUES (7790953000150, "SELECTAS SURTIDAS", 12, 3);
INSERT INTO Control_Stock (producto_id, cantidad, fecha) VALUES (7790953000150, 3, "2024-02-02T21:49:01.815Z");
INSERT INTO Control_Precio (producto_id, precio, fecha) VALUES (7790953000150, 1200, "2024-02-02T21:49:01.815Z");
INSERT INTO Producto (id, producto, marca_id, categoria_id) VALUES (7790150006306, "CAFE MOLIDO 180G", 35, 1);
INSERT INTO Control_Stock (producto_id, cantidad, fecha) VALUES (7790150006306, 6, "2024-02-02T21:49:01.815Z");
INSERT INTO Control_Precio (producto_id, precio, fecha) VALUES (7790150006306, 1150, "2024-02-02T21:49:01.815Z");
INSERT INTO Producto (id, producto, marca_id, categoria_id) VALUES (7790953000020, "MIRGALITA", 12, 3);
INSERT INTO Control_Stock (producto_id, cantidad, fecha) VALUES (7790953000020, 8, "2024-02-02T21:49:01.815Z");
INSERT INTO Control_Precio (producto_id, precio, fecha) VALUES (7790953000020, 480, "2024-02-02T21:49:01.815Z");
INSERT INTO Producto (id, producto, marca_id, categoria_id) VALUES (7793319040425, "DULCE DE LECHE 200G", 36, 1);
INSERT INTO Control_Stock (producto_id, cantidad, fecha) VALUES (7793319040425, 4, "2024-02-02T21:49:01.815Z");
INSERT INTO Control_Precio (producto_id, precio, fecha) VALUES (7793319040425, 750, "2024-02-02T21:49:01.815Z");
INSERT INTO Producto (id, producto, marca_id, categoria_id) VALUES (7790040136250, "CEREALES DE SALVADO", 8, 3);
INSERT INTO Control_Stock (producto_id, cantidad, fecha) VALUES (7790040136250, 6, "2024-02-02T21:49:01.815Z");
INSERT INTO Control_Precio (producto_id, precio, fecha) VALUES (7790040136250, 950, "2024-02-02T21:49:01.815Z");
INSERT INTO Producto (id, producto, marca_id, categoria_id) VALUES (7790907000823, "MANKIN", 37, 3);
INSERT INTO Control_Stock (producto_id, cantidad, fecha) VALUES (7790907000823, 2, "2024-02-02T21:49:01.815Z");
INSERT INTO Control_Precio (producto_id, precio, fecha) VALUES (7790907000823, 550, "2024-02-02T21:49:01.815Z");
INSERT INTO Producto (id, producto, marca_id, categoria_id) VALUES (7622300724269, "FIDEOS MOSTACHOL 500G", 6, 1);
INSERT INTO Control_Stock (producto_id, cantidad, fecha) VALUES (7622300724269, 1, "2024-02-02T21:49:01.815Z");
INSERT INTO Control_Precio (producto_id, precio, fecha) VALUES (7622300724269, 980, "2024-02-02T21:49:01.815Z");
INSERT INTO Producto (id, producto, marca_id, categoria_id) VALUES (7790349851311, "SURTIDAS", 38, 3);
INSERT INTO Control_Stock (producto_id, cantidad, fecha) VALUES (7790349851311, 5, "2024-02-02T21:49:01.815Z");
INSERT INTO Control_Precio (producto_id, precio, fecha) VALUES (7790349851311, 690, "2024-02-02T21:49:01.815Z");
INSERT INTO Producto (id, producto, marca_id, categoria_id) VALUES (7790040133488, "SONRISAS", 8, 3);
INSERT INTO Control_Stock (producto_id, cantidad, fecha) VALUES (7790040133488, 11, "2024-02-02T21:49:01.815Z");
INSERT INTO Control_Precio (producto_id, precio, fecha) VALUES (7790040133488, 780, "2024-02-02T21:49:01.815Z");
INSERT INTO Producto (id, producto, marca_id, categoria_id) VALUES (7790040133686, "MEDIA TARDE", 39, 3);
INSERT INTO Control_Stock (producto_id, cantidad, fecha) VALUES (7790040133686, 8, "2024-02-02T21:49:01.815Z");
INSERT INTO Control_Precio (producto_id, precio, fecha) VALUES (7790040133686, 260, "2024-02-02T21:49:01.815Z");
INSERT INTO Producto (id, producto, marca_id, categoria_id) VALUES (7791818001718, "ROLLOS DE COCINA X3", 40, 5);
INSERT INTO Control_Stock (producto_id, cantidad, fecha) VALUES (7791818001718, 4, "2024-02-02T21:49:01.815Z");
INSERT INTO Control_Precio (producto_id, precio, fecha) VALUES (7791818001718, 1900, "2024-02-02T21:49:01.815Z");
INSERT INTO Producto (id, producto, marca_id, categoria_id) VALUES (7790953000013, "RICK'S 130G", 12, 3);
INSERT INTO Control_Stock (producto_id, cantidad, fecha) VALUES (7790953000013, 14, "2024-02-02T21:49:01.815Z");
INSERT INTO Control_Precio (producto_id, precio, fecha) VALUES (7790953000013, 280, "2024-02-02T21:49:01.815Z");
INSERT INTO Producto (id, producto, marca_id, categoria_id) VALUES (7790077000364, "MAGNALENAS", 41, 3);
INSERT INTO Control_Stock (producto_id, cantidad, fecha) VALUES (7790077000364, 1, "2024-02-02T21:49:01.815Z");
INSERT INTO Control_Precio (producto_id, precio, fecha) VALUES (7790077000364, 1100, "2024-02-02T21:49:01.815Z");
INSERT INTO Producto (id, producto, marca_id, categoria_id) VALUES (7790040887602, "MEDIA TARDE X3", 39, 3);
INSERT INTO Control_Stock (producto_id, cantidad, fecha) VALUES (7790040887602, 6, "2024-02-02T21:49:01.815Z");
INSERT INTO Control_Precio (producto_id, precio, fecha) VALUES (7790040887602, 1250, "2024-02-02T21:49:01.815Z");
INSERT INTO Producto (id, producto, marca_id, categoria_id) VALUES (7794000006720, "CALDO DE VERDURAS 12U", 23, 1);
INSERT INTO Control_Stock (producto_id, cantidad, fecha) VALUES (7794000006720, 6, "2024-02-02T21:49:01.815Z");
INSERT INTO Control_Precio (producto_id, precio, fecha) VALUES (7794000006720, 1100, "2024-02-02T21:49:01.815Z");
INSERT INTO Producto (id, producto, marca_id, categoria_id) VALUES (7790040139305, "MELLISAS", 8, 3);
INSERT INTO Control_Stock (producto_id, cantidad, fecha) VALUES (7790040139305, 7, "2024-02-02T21:49:01.815Z");
INSERT INTO Control_Precio (producto_id, precio, fecha) VALUES (7790040139305, 850, "2024-02-02T21:49:01.815Z");
INSERT INTO Producto (id, producto, marca_id, categoria_id) VALUES (7792350067033, "CHOCLO AMARILLO", 22, 1);
INSERT INTO Control_Stock (producto_id, cantidad, fecha) VALUES (7792350067033, 7, "2024-02-02T21:49:01.815Z");
INSERT INTO Control_Precio (producto_id, precio, fecha) VALUES (7792350067033, 1200, "2024-02-02T21:49:01.815Z");
INSERT INTO Producto (id, producto, marca_id, categoria_id) VALUES (7793046001416, "DULCE DE BATATA 500G", 10, 1);
INSERT INTO Control_Stock (producto_id, cantidad, fecha) VALUES (7793046001416, 2, "2024-02-02T21:49:01.815Z");
INSERT INTO Control_Precio (producto_id, precio, fecha) VALUES (7793046001416, 1050, "2024-02-02T21:49:01.815Z");
INSERT INTO Producto (id, producto, marca_id, categoria_id) VALUES (7790170924642, "TE BOLDO 20U", 42, 1);
INSERT INTO Control_Stock (producto_id, cantidad, fecha) VALUES (7790170924642, 5, "2024-02-02T21:49:01.815Z");
INSERT INTO Control_Precio (producto_id, precio, fecha) VALUES (7790170924642, 950, "2024-02-02T21:49:01.815Z");
INSERT INTO Producto (id, producto, marca_id, categoria_id) VALUES (7790847000013, "ARROZ FINO 1KG", 43, 1);
INSERT INTO Control_Stock (producto_id, cantidad, fecha) VALUES (7790847000013, 2, "2024-02-02T21:49:01.815Z");
INSERT INTO Control_Precio (producto_id, precio, fecha) VALUES (7790847000013, 1800, "2024-02-02T21:49:01.815Z");
INSERT INTO Producto (id, producto, marca_id, categoria_id) VALUES (7793450000524, "RONDA", 44, 3);
INSERT INTO Control_Stock (producto_id, cantidad, fecha) VALUES (7793450000524, 11, "2024-02-02T21:49:01.815Z");
INSERT INTO Control_Precio (producto_id, precio, fecha) VALUES (7793450000524, 850, "2024-02-02T21:49:01.815Z");
INSERT INTO Producto (id, producto, marca_id, categoria_id) VALUES (7796321101016, "AZUCAR 1KG", 45, 1);
INSERT INTO Control_Stock (producto_id, cantidad, fecha) VALUES (7796321101016, 34, "2024-02-02T21:49:01.815Z");
INSERT INTO Control_Precio (producto_id, precio, fecha) VALUES (7796321101016, 1500, "2024-02-02T21:49:01.815Z");
INSERT INTO Producto (id, producto, marca_id, categoria_id) VALUES (7790150320266, "TE DE TILO 25U", 9, 1);
INSERT INTO Control_Stock (producto_id, cantidad, fecha) VALUES (7790150320266, 1, "2024-02-02T21:49:01.815Z");
INSERT INTO Control_Precio (producto_id, precio, fecha) VALUES (7790150320266, 950, "2024-02-02T21:49:01.815Z");
INSERT INTO Producto (id, producto, marca_id, categoria_id) VALUES (7790040872103, "TRAVIATA", 8, 3);
INSERT INTO Control_Stock (producto_id, cantidad, fecha) VALUES (7790040872103, 1, "2024-02-02T21:49:01.815Z");
INSERT INTO Control_Precio (producto_id, precio, fecha) VALUES (7790040872103, 490, "2024-02-02T21:49:01.815Z");
INSERT INTO Producto (id, producto, marca_id, categoria_id) VALUES (7792882000201, "QUESO RAYADO", 46, 1);
INSERT INTO Control_Stock (producto_id, cantidad, fecha) VALUES (7792882000201, 10, "2024-02-02T21:49:01.815Z");
INSERT INTO Control_Precio (producto_id, precio, fecha) VALUES (7792882000201, 690, "2024-02-02T21:49:01.815Z");
INSERT INTO Producto (id, producto, marca_id, categoria_id) VALUES (7792180001641, "ACEITE 900ML", 47, 1);
INSERT INTO Control_Stock (producto_id, cantidad, fecha) VALUES (7792180001641, 9, "2024-02-02T21:49:01.815Z");
INSERT INTO Control_Precio (producto_id, precio, fecha) VALUES (7792180001641, 2100, "2024-02-02T21:49:01.815Z");
INSERT INTO Producto (id, producto, marca_id, categoria_id) VALUES (7792763000450, "VELAS 4U", 48, 6);
INSERT INTO Control_Stock (producto_id, cantidad, fecha) VALUES (7792763000450, 6, "2024-02-02T21:49:01.815Z");
INSERT INTO Control_Precio (producto_id, precio, fecha) VALUES (7792763000450, 970, "2024-02-02T21:49:01.815Z");
INSERT INTO Producto (id, producto, marca_id, categoria_id) VALUES (7790907000885, "PEPAS MEMBRILLO 160G", 37, 3);
INSERT INTO Control_Stock (producto_id, cantidad, fecha) VALUES (7790907000885, 4, "2024-02-02T21:49:01.815Z");
INSERT INTO Control_Precio (producto_id, precio, fecha) VALUES (7790907000885, 550, "2024-02-02T21:49:01.815Z");
INSERT INTO Producto (id, producto, marca_id, categoria_id) VALUES (7790040133259, "MANÁ", 49, 3);
INSERT INTO Control_Stock (producto_id, cantidad, fecha) VALUES (7790040133259, 5, "2024-02-02T21:49:01.815Z");
INSERT INTO Control_Precio (producto_id, precio, fecha) VALUES (7790040133259, 990, "2024-02-02T21:49:01.815Z");
INSERT INTO Producto (id, producto, marca_id, categoria_id) VALUES (7790314000324, "VINO TINTO CAJA", 50, 4);
INSERT INTO Control_Stock (producto_id, cantidad, fecha) VALUES (7790314000324, 2, "2024-02-02T21:49:01.815Z");
INSERT INTO Control_Precio (producto_id, precio, fecha) VALUES (7790314000324, 0, "2024-02-02T21:49:01.815Z");
INSERT INTO Producto (id, producto, marca_id, categoria_id) VALUES (7790907000823, "ANILLO COCO", 37, 3);
INSERT INTO Control_Stock (producto_id, cantidad, fecha) VALUES (7790907000823, 4, "2024-02-02T21:49:01.815Z");
INSERT INTO Control_Precio (producto_id, precio, fecha) VALUES (7790907000823, 550, "2024-02-02T21:49:01.815Z");
INSERT INTO Producto (id, producto, marca_id, categoria_id) VALUES (7790770601165, "TOALLITA FEMENINA X20", 30, 2);
INSERT INTO Control_Stock (producto_id, cantidad, fecha) VALUES (7790770601165, 6, "2024-02-02T21:49:01.815Z");
INSERT INTO Control_Precio (producto_id, precio, fecha) VALUES (7790770601165, 750, "2024-02-02T21:49:01.815Z");
INSERT INTO Producto (id, producto, marca_id, categoria_id) VALUES (7790590016286, "FOSFORO DE MADERA", 51, 5);
INSERT INTO Control_Stock (producto_id, cantidad, fecha) VALUES (7790590016286, 8, "2024-02-02T21:49:01.815Z");
INSERT INTO Control_Precio (producto_id, precio, fecha) VALUES (7790590016286, 0, "2024-02-02T21:49:01.815Z");
INSERT INTO Producto (id, producto, marca_id, categoria_id) VALUES (7790314063848, "VINO BLANCO CAJA", 52, 4);
INSERT INTO Control_Stock (producto_id, cantidad, fecha) VALUES (7790314063848, 2, "2024-02-02T21:49:01.815Z");
INSERT INTO Control_Precio (producto_id, precio, fecha) VALUES (7790314063848, 0, "2024-02-02T21:49:01.815Z");
INSERT INTO Producto (id, producto, marca_id, categoria_id) VALUES (7791620187693, "KETCHUP 220G", 53, 1);
INSERT INTO Control_Stock (producto_id, cantidad, fecha) VALUES (7791620187693, 2, "2024-02-02T21:49:01.815Z");
INSERT INTO Control_Precio (producto_id, precio, fecha) VALUES (7791620187693, 1050, "2024-02-02T21:49:01.815Z");
INSERT INTO Producto (id, producto, marca_id, categoria_id) VALUES (7790989000018, "PAN DE CARNE", 54, 1);
INSERT INTO Control_Stock (producto_id, cantidad, fecha) VALUES (7790989000018, 6, "2024-02-02T21:49:01.815Z");
INSERT INTO Control_Precio (producto_id, precio, fecha) VALUES (7790989000018, 2100, "2024-02-02T21:49:01.815Z");
INSERT INTO Producto (id, producto, marca_id, categoria_id) VALUES (7790314074219, "VINO TINTO BOTELLA", 52, 4);
INSERT INTO Control_Stock (producto_id, cantidad, fecha) VALUES (7790314074219, 2, "2024-02-02T21:49:01.815Z");
INSERT INTO Control_Precio (producto_id, precio, fecha) VALUES (7790314074219, 2100, "2024-02-02T21:49:01.815Z");
INSERT INTO Producto (id, producto, marca_id, categoria_id) VALUES (7794000006065, "MAYONESA 237G", 55, 1);
INSERT INTO Control_Stock (producto_id, cantidad, fecha) VALUES (7794000006065, 10, "2024-02-02T21:49:01.815Z");
INSERT INTO Control_Precio (producto_id, precio, fecha) VALUES (7794000006065, 1050, "2024-02-02T21:49:01.815Z");